show_id,country_id
81193313,1
81213894,2
81082007,3
80213643,4
81172754,5
81120982,3
81227195,6
70205672,7
81172899,5
81094391,7
81172908,5
81172901,5
80990849,7
81033086,7
80156799,8
81161538,9
80997965,7
81018979,3
60020826,10
81002391,7
70101696,7
81194544,2
81177504,4
80175798,7
81062293,7
80235524,7
81204911,11
81140259,12
80241855,7
81215481,2
81218079,7
60028294,7
80125671,7
80198001,1
60020948,7
70235384,7
569355,7
81208888,13
60022645,7
80198859,3
80216180,7
80244846,7
80159876,8
80233258,14
70091304,7
81019894,7
81169145,7
80244700,9
81218074,7
80245262,15
80212245,7
80117560,7
60023606,16
80241539,3
81026188,7
70267398,17
80108983,7
292118,7
70003046,7
80221584,7
70053833,7
70122722,7
81217738,2
80081990,7
60004471,7
60022413,7
81011957,10
70058022,7
60022502,7
80244683,12
80028357,10
81217739,2
60031884,18
70117289,7
28631236,7
70121502,7
70215455,7
506464,7
60003508,7
70105132,7
60004083,7
70087538,16
1181661,7
60011552,7
80222157,3
70044693,7
70173046,7
70039187,7
70044686,7
81073633,7
81105522,19
81191473,20
80025678,16
70189289,7
81132624,21
80013267,7
80046819,16
70293315,7
81179844,20
80244457,7
81196441,22
81162089,19
81217737,2
81076114,2
80217594,7
81033650,1
80003477,8
80093820,8
80183187,14
81179882,20
70124331,7
80115338,7
81179821,20
81033645,1
81217749,2
80158800,7
80238391,12
70291121,8
80242491,23
80161497,7
81086462,24
81156627,7
81096745,3
81163776,23
81034946,19
81070963,1
80178941,7
81078466,7
70117297,7
81200229,13
81152923,7
81171862,7
81011159,2
80209553,1
80989924,16
80057250,7
70243445,7
80201542,7
81079723,3
80230435,22
80127886,2
81092045,7
81153751,8
81034600,13
81042948,19
80027564,7
81058497,7
80179762,7
80175722,16
80167628,7
81165326,1
81053961,7
70209267,7
70306305,4
70262831,4
70113005,6
70052286,7
81200716,16
80114460,7
81206389,2
80201488,7
70117294,7
81215856,7
81214223,7
80045925,7
80027560,7
70135899,7
81215437,7
81215438,7
81214187,7
80160987,7
81215439,7
70178618,7
70292700,7
81214214,7
70172485,7
80234414,16
70044870,7
26597413,7
80245356,14
81193616,7
81082327,3
18002692,7
81024100,7
60027583,7
80216003,7
80117540,7
81183624,7
80221999,17
60002033,7
70046968,7
81154982,7
81063129,7
81074542,16
70204963,8
382650,7
70044705,7
449931,7
81189912,2
80215046,4
60036838,25
81179693,18
485218,7
1192866,7
11819434,7
81050375,7
516788,7
70048968,7
542137,7
60021796,7
60031247,7
60000577,7
80241387,14
80090673,8
80094603,4
81083786,7
80153894,12
1179333,7
70118779,7
653673,7
70020947,7
70117305,7
701346,12
709163,7
709380,16
1150871,7
80239860,8
70082264,7
81104406,8
80144355,7
1179583,7
70044595,7
60011729,7
70044883,7
60021590,7
60023638,7
81075744,7
70031792,7
70100383,7
60002403,7
17236920,7
923574,25
81152930,7
973861,7
70058796,7
70047101,7
81189396,16
70093991,7
60033247,7
81022003,7
70060000,7
70295067,16
70031779,7
80101401,4
1178866,7
60033312,7
684847,7
81150305,18
20557937,7
60027695,7
60031303,7
848915,7
60022980,7
60003961,7
70060005,7
70266992,19
70084791,7
70123542,7
81084225,19
80992228,7
80113037,8
80203920,20
81166978,1
80991060,13
81177371,2
81167029,1
81148672,7
81169914,7
81211714,7
80244679,12
81034099,7
81110394,16
81185502,13
81123469,7
80081372,26
81136744,7
70300800,7
80221210,9
81132444,24
80182014,7
81010786,14
80095435,7
81078456,7
81105406,19
81061828,3
81062582,14
81017316,7
81018455,7
81110383,27
80201680,7
81200228,13
81011059,28
80197462,7
81034741,7
81075461,15
80017261,4
81038022,7
80186796,7
81071891,25
70295169,7
80039050,7
81027753,7
15815343,7
70295176,7
81043190,29
80091310,16
60001650,7
81172848,5
81034575,30
81172729,6
81172895,5
80211634,18
80206910,7
80217627,16
80178724,7
81132442,24
80126646,7
81020066,2
81172723,5
80990336,14
81094271,7
81172909,5
80214706,16
80160935,12
80994011,7
81064730,31
80208910,7
81172902,5
80998890,2
81047903,32
80227516,13
70125931,7
80222326,17
81077044,1
81081656,7
81187847,7
81053240,1
81167011,1
80043834,7
81157840,7
80176234,24
80992769,16
81192594,7
70267476,8
80990869,4
81034012,3
81191500,1
81132441,24
81078819,7
80223997,7
80195378,7
80179905,7
81191666,5
81133621,8
80190086,3
81038598,14
80212481,1
80036165,4
81019771,8
80244311,7
81183570,7
80216665,7
80995737,7
81021976,7
80025390,17
81016338,32
80215730,12
81161487,1
81177367,2
80164032,16
81158574,24
80214792,16
80237905,4
81132440,24
80002479,16
80117803,7
80146284,7
81021243,7
70185045,7
80217066,7
81029301,16
81025251,17
81025309,7
81025263,16
81025361,16
81025317,4
80209609,7
81094801,12
81191195,7
81168338,33
81103033,4
60002273,7
70297962,7
269880,7
60029167,7
60020891,7
80083261,16
347365,7
80167821,7
60003242,7
60027726,7
81166946,1
81167065,1
81113888,2
70023961,7
60027716,7
70287957,7
81113890,2
81168345,11
60020892,7
81164752,31
81113886,2
60028097,7
70065112,7
70083108,7
70184050,7
81168347,11
81003460,7
81113887,2
81168348,11
70095135,7
81191254,2
80083330,16
81168340,11
60023597,7
81036448,1
81002876,7
70058017,7
70058024,7
70011211,7
70271599,7
70020699,7
60003540,10
1181550,7
70170051,16
80987077,1
70021630,7
81043753,34
60001761,16
70041963,7
70058025,7
70128696,7
70077542,7
81168342,11
81165772,5
510854,7
60000921,7
80188730,1
81167083,1
81168343,11
70044605,7
18021979,7
81168344,11
70020750,7
70105596,7
60037022,16
60034571,7
81167047,1
70053456,7
80173150,7
81168341,11
81168346,11
80020542,7
81054495,16
80200087,33
80225885,2
81132443,24
80115297,19
80231903,7
81171121,7
80241248,7
80216752,7
81177238,2
70270775,25
81025403,12
80057883,7
80244682,7
81075519,35
80108495,17
80166318,3
80059465,14
81186758,2
81186757,2
70185015,7
80108976,7
70210884,7
81053953,7
81074113,7
80127001,24
81176200,2
80208906,7
81004814,7
81080769,2
81172721,5
81172727,5
70153543,3
81172728,5
81095101,1
80243600,7
80216172,16
81122669,7
80095697,7
80190009,7
80184771,7
81000389,14
81132439,24
81035117,4
80244627,7
81107545,2
70118953,3
70281312,7
80149143,4
81144925,1
81147293,7
70178604,7
80991316,16
80190588,7
70124316,25
70229037,7
80219119,7
80058248,7
70251519,7
81174992,8
81044365,7
81030342,7
70143865,7
70054723,7
81069393,7
80012550,7
81131761,7
81176196,7
70143831,7
81093951,2
80238013,7
81089941,7
81092328,7
81183572,7
81037283,7
80244973,7
80171611,7
81132438,24
80217779,3
80211572,12
81161230,13
81002412,7
81028317,7
80077977,7
81023636,7
80217669,16
80153467,7
80993062,7
81098586,7
70267728,7
81072571,4
81060174,7
70130445,7
81001494,16
70184207,7
70302573,8
81145628,7
81154455,2
81052275,2
80200942,14
80141782,4
80186848,16
80178151,3
81160036,36
81173255,4
81078908,7
81155784,2
80184129,7
60000861,7
1151375,7
81137484,9
80187228,16
81031008,7
70099119,7
70039185,10
70279852,7
81165769,5
80174902,7
70056433,7
70113003,7
60031232,7
70205012,8
80036427,16
80032842,5
81137482,33
70043308,7
81165771,5
70044697,7
70105368,7
80053653,7
80241003,16
81141689,7
1008581,7
70058023,7
81165786,5
81165770,5
70043303,7
70136074,3
1153194,7
70112730,7
70177057,7
81154900,7
81158575,37
81065786,29
70087541,7
80226089,13
80992137,8
81091381,22
81141694,38
80196382,16
80148535,16
80999091,22
80063224,16
80063599,4
80209658,14
81167494,7
80999781,7
80997400,9
70292992,16
80198991,4
81029611,7
81046796,7
80121349,7
81004322,16
80113701,7
81140577,7
81003736,7
81036530,25
81145277,7
80117470,7
80996791,7
81155859,2
81155858,2
81147910,13
80203254,4
81155802,2
70285728,26
81090071,7
81151880,2
81151877,2
81151878,2
80189648,7
81144912,39
60021787,7
81082125,16
81040407,14
81106517,19
81026915,28
70304252,8
80201543,7
81092330,16
80205594,22
70204989,8
81091957,1
80114855,7
81003033,7
80021840,7
80231419,7
81006335,4
81175361,13
80235578,14
81078331,14
80195357,7
81154987,2
80115328,2
81122206,20
81004321,9
70283264,7
81147274,2
81147278,2
81146011,7
81123826,12
80161728,7
81002933,7
81135868,7
81145135,7
80100929,14
80114988,7
80027159,7
81074367,2
81091977,7
80217315,9
80243216,17
81016914,7
80178427,1
81079322,40
80027158,7
70183165,7
80183878,41
80177986,1
80165295,1
80178404,1
80165487,1
70297144,1
81087761,7
81065902,7
80239462,8
80230293,7
81112446,2
81088318,7
80080617,7
80044888,39
80050006,7
80002621,7
81145273,7
81047680,7
81001278,7
81035835,29
81143771,7
80231658,7
80208295,12
80994162,31
80108159,7
80245353,7
70287604,7
80095698,7
80238565,16
70242938,12
80164216,3
22469949,7
80211623,16
81155803,2
70121522,2
81065784,29
80124099,42
70119812,7
60032685,2
70006816,2
70236587,2
520489,16
80160755,16
70171946,4
70266677,7
60010514,7
70301367,7
81139317,36
80014727,16
81050688,2
80081505,16
60022700,7
81155880,2
915927,7
916043,7
60010836,7
916061,7
60025674,7
70039168,7
81103092,7
80242065,23
60031278,7
60001363,7
81103517,17
80175802,7
60026477,7
80094096,2
80013249,17
81085824,16
81039161,15
80198635,17
80240537,4
81151899,2
81017011,4
80198632,16
80210294,7
81092331,7
80232852,16
80173485,14
81028404,39
81032626,16
80198508,3
80228239,16
80233104,16
80228129,16
81032669,16
81032659,16
81026700,1
70242311,7
80201328,7
80155932,16
80994020,19
80130521,16
80236236,7
80117542,7
80225024,7
70108777,10
80217743,16
80233419,7
70259259,16
80057611,17
70034607,2
70118801,13
80213654,7
80158802,7
70117354,25
81036524,25
70025372,25
70123160,25
81035840,29
80997613,14
80171362,7
81092325,7
80192098,14
80091742,7
80160037,7
80186926,8
80179782,7
80996338,2
81116487,1
80998968,7
70272893,7
81113926,2
80175934,7
80993627,13
81155782,2
81003981,7
81151313,4
70042688,7
70109429,7
81011993,7
80100105,4
70201870,8
80075178,8
80145805,8
80214010,8
81154166,3
81153373,7
81011936,3
80179784,7
80221109,14
80221942,16
80221943,16
81145271,7
80215147,4
80141270,43
81024041,20
80222071,16
80224312,17
81044248,10
80191236,12
80224314,16
80224184,17
81094069,1
80221677,3
70084221,7
81040704,7
80234791,10
81088331,2
80234451,7
81036520,14
81098589,7
80221446,7
70189282,16
80134695,7
81039323,18
81078217,7
80223153,19
80076160,7
80233218,8
80099089,13
80057281,7
80211648,7
80217769,17
80242137,23
80241590,23
81072109,1
80036416,7
60010069,7
70241791,7
81099997,1
70084148,7
81064394,7
70101345,10
80189451,7
80238020,7
70128697,7
70044688,7
60035622,7
80117079,4
70001958,7
81099996,3
70066433,7
70098899,7
81121171,7
81121172,7
81121173,7
81121174,7
81121175,7
81121176,7
81121177,7
81121178,7
81121179,7
81121180,7
81121181,7
81121182,7
81121183,7
81121184,7
81121185,7
81121186,7
81121187,7
81121188,7
81121189,7
70265211,7
70109689,7
855084,7
80005772,3
70105369,7
60029369,7
81086718,8
80005738,16
60000415,7
70112731,7
81130297,7
60033320,7
81060038,7
60020745,7
18907685,7
80142000,1
81113468,7
81017506,4
70114342,7
70021661,7
70084795,7
60027701,7
70021654,7
81077862,7
70001777,7
81093122,23
80024232,7
70293788,7
81039384,2
70157266,7
81145270,7
81128584,2
80134080,7
80178726,7
81130373,44
80245117,7
81010818,3
81023011,17
81091378,12
80134440,17
80195828,14
81136964,7
81121055,16
80233215,9
81110498,16
81060096,12
80105452,4
81092491,8
70236020,2
81002747,7
81075239,26
81108230,2
80996192,7
81090899,4
81095399,2
80986797,8
81055402,7
81035849,29
80195901,23
81018067,19
80220422,22
80100172,10
81033473,8
80185178,7
80220541,19
81035870,29
80009097,8
80209013,7
81033445,8
80993774,23
80109194,7
81023023,45
80161702,7
60024788,8
81035877,29
81131274,2
81035876,29
81035875,29
81027187,3
81035871,29
80216302,7
81105525,10
81017094,7
80190535,9
80241071,16
80993404,7
81001090,7
81083891,7
81136963,4
80037691,7
80998296,10
81123051,4
70304256,8
70140391,7
70305217,8
81034980,43
81123052,2
81035887,29
81113927,2
70302572,8
81108280,13
80213115,14
81027195,30
80198505,8
80213322,7
81079046,3
80245601,9
80227798,14
80029145,7
80222951,2
80158515,7
80002311,7
80242619,7
80230561,7
80238711,12
81035841,29
80220816,40
80175351,8
81147766,7
81035889,29
81088277,32
81035874,29
81035883,29
81035848,29
81002929,7
80221016,7
80221640,7
81044608,41
81061410,7
80202465,10
60024935,7
80074220,9
81025973,46
80113647,7
80121387,14
80227090,17
81113918,2
81029736,3
81051688,10
81113921,2
81006334,7
80211563,7
80173387,7
81013112,7
70294793,7
81030855,10
80079473,7
80018328,7
80996787,14
81035881,29
81035843,29
81035837,29
80039136,3
81035884,29
81035863,29
81035858,29
81035882,29
81035859,29
80223226,8
70264888,16
81076055,7
80996790,3
70181716,7
70270388,7
80114804,31
80237423,7
70304298,7
70117293,7
80010778,7
80179394,7
80244783,7
81028895,1
70038131,7
81110386,2
80108430,7
81092768,47
81092766,47
70060018,7
70202141,7
80188935,20
81032375,7
352989,7
81034775,12
80202183,33
81062606,2
81077795,7
81092767,47
80196657,8
81092909,47
81070008,4
70098605,7
81077539,7
20129240,7
70108017,7
70011219,16
80097424,7
80203143,7
81068732,25
60026155,7
80202874,7
80221787,4
70109249,2
80993095,2
80218448,10
70045644,2
70025612,2
80237006,2
80209096,7
80160033,16
81111849,13
80083930,2
80083752,2
70185023,2
80200549,7
70202150,16
81010699,1
70299863,7
80066080,7
81087094,4
80221447,7
70242063,7
81013657,7
80994222,7
70285581,7
80065386,7
81034931,1
80993739,23
81132060,2
81002195,7
81046255,48
80218306,7
80117554,7
80211638,7
80197889,7
80133311,7
80027042,7
81057229,2
70242081,7
80121348,7
81011598,7
81005364,2
80223556,7
80170690,12
81043473,7
80080768,4
81061407,7
80991872,12
81077863,14
81077851,33
81073590,14
81103108,7
80999455,7
80236341,39
80179138,7
81041271,18
80216758,7
80154610,33
81092192,13
80191680,16
80998967,7
81038047,2
60021906,2
70142827,7
70149579,2
70109375,2
70289558,2
81085319,16
70117577,7
81110388,36
80220311,16
81110389,16
70245163,16
81112772,16
70111279,2
81123050,2
81037237,19
70007056,2
70035357,2
80108481,2
70153178,2
70073018,2
81053958,7
81094666,7
80992787,8
81036199,7
81016247,7
80223928,7
81065331,2
81077874,45
81098013,13
81039410,38
81012340,3
70242536,25
70287630,2
80095699,7
80216541,14
80241986,7
80120485,9
80987113,13
80197989,7
80194950,7
81035836,29
81044103,7
81072917,20
70142542,7
81035855,29
81035845,29
81035856,29
80057918,7
81087762,1
80107369,7
81074375,4
81082781,40
80215139,16
81016592,7
81067760,13
70172928,7
80235472,7
80208662,7
80994596,12
80198459,4
80219707,7
81031939,14
81028570,7
80207066,16
80244640,1
70143825,7
80999729,7
80198137,7
80225312,30
81076042,7
80077417,7
81035880,29
81103139,7
70143369,7
81096151,2
70259801,7
81076049,7
80065146,8
60031264,7
81059956,10
81094667,7
81069255,16
81094083,2
80208082,3
81080637,7
80197303,3
81049260,41
81017593,16
81062075,7
70270364,1
81093342,2
70056441,25
419733,7
81021631,16
81029737,25
81072852,20
80227677,7
80204451,8
81050394,25
80992853,8
81072951,20
81072752,20
81072919,20
81092327,4
81072883,20
80049277,7
81015498,1
80157889,2
81094082,2
80046347,12
80096782,16
81035872,29
81035865,29
80210361,7
70260989,16
80992501,22
81076251,24
81093925,2
80191049,7
80987209,7
70126573,7
80244996,7
80189829,24
70242568,17
81066244,39
80991404,7
81035873,29
81035862,29
81094665,7
81035878,29
80174683,7
70103759,7
81077451,2
81014345,7
80986854,7
81030755,7
81073387,33
80207606,4
81035861,29
81037733,7
80091341,16
80112518,16
81072829,20
80198950,17
81033430,2
81072807,20
80036747,1
80196883,8
81035851,29
80173174,9
80202920,7
81088285,7
81080942,18
81035844,29
81035842,29
81035860,29
81035846,29
81035854,29
80017099,16
81043542,24
81026329,31
81006826,12
70222859,7
70261674,16
70045274,7
81034599,7
70264078,4
81090128,7
81088700,2
70043149,2
81018181,7
70040077,2
60031998,2
60036103,2
81086641,2
70027133,2
81086640,2
81009808,4
81060043,7
81024557,7
81041391,3
80066227,7
81018120,14
80108518,2
80172002,7
81019144,32
81043540,24
81043541,24
81041272,18
80170483,2
80211621,7
80987458,7
81019888,7
80198988,4
70196145,7
81044884,1
81087095,4
81026007,9
80162994,49
81021447,10
80227574,7
80176842,1
70222860,7
81026677,7
81074135,2
81031306,1
81091424,2
80187052,7
80989339,14
70295170,7
80232502,7
81088786,7
80223989,7
70258489,16
80161628,7
81013015,7
81086435,2
80049832,7
81091423,2
81083880,4
80211703,43
81044607,41
80096545,4
80115432,7
80224218,16
80241474,12
81034317,7
81087764,1
70130142,25
80199128,4
81062674,32
81049578,40
80174097,7
81076749,2
81066961,41
80174687,7
81086434,2
81083791,4
81088282,7
70167072,7
70058016,7
70077557,7
80233085,7
80210602,7
81088283,50
80141156,13
81066709,2
70077546,7
81049612,40
70063591,16
81052280,36
80186475,8
80095866,16
70110558,7
60020916,7
60029178,7
70296735,1
80103336,7
81066723,2
80006149,8
80207445,2
80209751,7
80063773,7
81088284,16
80231373,7
70061480,7
70051671,7
80144408,18
81038545,7
81044496,51
80235932,4
80024057,7
81025019,16
81033429,2
80188579,12
80992232,14
80117809,7
80189898,3
80095815,7
80145533,7
80200571,7
80999977,7
80223793,16
70129463,4
80099753,3
80170767,7
80174280,8
81012998,7
81047902,32
81047897,32
80178687,7
81002880,7
81038046,2
80202809,14
70251816,7
70202151,7
80999996,23
80189632,7
80230265,12
81076756,2
80991158,14
80208298,9
80169469,7
80044950,7
80148239,16
70230412,4
80220655,8
81010863,39
80162503,39
80150350,39
80160692,39
70060865,39
80157890,39
80195967,7
81048554,2
81002451,8
81037077,7
81054383,7
81047798,7
81019338,7
80017171,7
81045888,20
70175439,52
80138030,21
81013990,37
80029103,7
80171678,3
81074015,5
81041273,18
70108985,7
81004374,30
80988860,14
70045356,7
70203594,7
70253171,7
70109657,7
70020728,25
80036140,22
81024308,7
80174608,7
81031178,41
80147920,16
70056425,10
81050198,7
80156538,16
80124723,16
81034771,7
81060041,7
70090072,39
80145621,39
80100268,39
80206696,39
81010870,39
81049544,29
81049511,29
80192187,7
80094387,1
80094386,1
80212301,8
81049674,29
81049707,29
80067617,7
70176655,7
80998491,16
70270362,7
80192577,7
80204890,16
81074140,37
70300472,8
81026095,24
80179831,8
80184676,7
81024044,3
60023618,7
70113532,16
70074299,7
80995799,7
70100377,7
80189630,7
81010867,39
81010865,39
81010874,39
80075018,39
80238357,7
80083977,7
80032178,7
80211136,17
81091015,7
80214405,1
70100381,7
70110919,39
80221560,7
80200961,7
80085013,39
81077597,2
80049193,39
81010871,39
81004270,48
70230147,7
80105067,7
70105459,2
80207444,2
81033516,8
81075235,2
81072516,2
70283202,7
70140447,7
80156212,7
70296742,2
81059944,48
80095531,2
81059183,23
81024332,7
81059444,23
80987464,3
80156925,7
80222770,2
60002907,20
80207473,16
80001101,7
80990534,7
70111265,7
70024098,7
80071907,16
70020730,16
80202258,4
80057137,4
81045720,7
70236016,7
81069249,4
80207879,2
81083971,2
80200047,16
80156772,7
80117781,8
81016361,33
81055395,53
70077556,7
80994738,23
70100412,7
60021299,7
70129374,7
80167647,14
81002591,7
80123777,7
80109296,14
81017530,7
80092925,39
80094723,39
81010869,39
80188883,39
81045072,2
81010873,39
81010864,39
81010866,39
80175332,39
81047510,41
80011541,39
80065327,39
81010872,39
70123648,39
80177416,7
70127628,39
80050106,39
70167133,7
70039645,7
70278931,7
70305955,7
81051693,2
70299043,8
80002073,8
80021983,8
80002074,8
80136321,10
80191608,14
80992973,7
80007945,7
81026327,2
80224060,7
81027190,3
80094273,50
81071868,2
80081537,18
80186090,16
80013712,7
70292939,7
80057509,16
81041002,9
80236133,1
81069254,16
60031404,7
81031652,4
81024494,16
70176656,7
81027396,7
81057246,2
70295974,3
80013271,16
81004511,7
80989337,7
80159877,16
81043345,24
80208091,14
81052266,2
81067757,2
81015076,7
80095232,9
81067758,2
70002291,2
81050193,7
81067759,2
80045203,33
81043346,24
81045069,2
80216820,7
81026667,16
70056686,2
81067761,2
80992672,45
81050194,7
81045308,19
80186863,7
70109378,2
80993816,23
81043343,24
80988834,14
80192734,7
81071972,7
80244853,7
80215507,14
70118368,32
81074663,7
81012294,25
80241304,7
80131616,7
81020653,20
80142550,30
80117038,7
80153131,16
80991400,7
81059388,7
80231156,7
81031262,16
81002145,7
80095532,7
80191045,7
81029383,14
80241001,14
81034763,7
81044300,29
81010962,13
80094258,4
81049811,29
80214523,1
80216779,7
80201500,16
81049774,29
80182123,8
81045349,1
81060040,7
81005266,16
80145143,21
81063743,2
81071666,7
80219974,16
81037273,7
60022998,16
80205595,22
81063028,4
60003378,16
81063160,4
70132722,7
81059779,16
81045891,20
81059656,16
81001413,7
80080618,2
81059603,16
80994282,17
80220013,7
81059643,16
80065492,7
81050118,33
81048914,7
81048916,7
70252973,33
81048910,33
81017061,7
80997225,14
80220228,7
81059663,16
70101697,10
81063091,16
80106984,3
80211627,7
81041414,28
80990612,8
81059684,16
81059816,16
81063049,16
80104316,7
70180088,3
80178897,7
80992963,7
80208661,7
81063480,2
80199689,7
81063084,16
81059649,16
81059856,16
81047683,16
81034697,3
81049950,41
80188596,13
81016360,7
70307659,7
70113347,2
80097389,7
80221639,7
70099120,7
81024718,2
80220813,7
81048561,2
81026705,1
80244929,26
80122209,14
81047898,32
81057249,2
81047900,32
81047899,32
81047901,32
80008434,7
60024962,16
81031181,39
80239629,14
80145141,16
80030346,12
80991879,14
80180171,1
80152118,18
81023638,19
80223052,7
80226612,7
80233925,7
81021098,19
81026192,24
70109891,14
81026986,37
80045818,16
80207371,16
81035279,7
80017537,7
80134721,7
81041182,7
81038575,7
80117498,7
81038976,9
80988257,12
81023713,2
80213025,16
81050192,7
70141971,7
81000864,7
81047445,36
81052265,2
81045085,36
81050190,7
81045065,2
70205712,12
80028965,22
81020716,20
81050191,7
80202078,2
81047446,36
81000511,1
80218104,7
80997719,7
81044856,32
81044857,32
81009823,4
81020668,20
70291114,7
81044299,2
70113534,7
70065107,16
80990532,7
80158104,3
81036539,39
80117485,7
81033895,50
70301529,16
80197526,7
80153272,7
80245041,14
80202273,7
70288470,14
70202600,18
81021294,26
80198623,8
81062853,2
80220814,7
81046962,7
80150242,7
1193180,16
81005561,4
81048548,54
81045052,2
81037970,32
81037986,32
81037985,32
80153895,16
70026431,23
80020885,32
80133187,17
80998427,55
80133335,3
80090370,8
81030789,5
80220085,17
80244855,27
771476,16
70209245,7
80050008,7
70045863,7
70045866,3
80999981,23
60022056,7
80016588,6
70011207,7
81008236,7
60027689,7
80239710,7
80177342,7
80108616,7
70084799,7
60010487,7
60011649,7
60010488,7
60004476,7
70299748,7
80214621,7
80245709,7
70117299,7
16944044,16
81045060,2
60031284,7
70256512,7
70058019,7
81046846,8
880640,7
81052279,2
81052277,2
60026139,7
70101375,16
408911,7
80226864,56
80195885,16
80209379,7
70307648,16
70174741,7
60023619,7
70023960,7
81045989,16
70059483,16
80108207,16
70043231,7
81020868,7
81045517,16
81032812,16
80232095,12
60004393,7
70026468,7
81045513,7
81034612,20
81029647,7
81031650,7
81006261,8
81045509,7
81045510,7
70298389,16
81045530,16
81045511,7
70266169,7
81029570,7
80220761,7
80087891,7
80022613,16
81036061,23
80036407,7
80185375,46
80097519,43
80988062,7
80240277,26
81024730,2
80217475,7
80151663,16
81024717,2
80194558,2
80995577,9
80244708,14
81029400,4
80174285,7
80013773,7
80098103,3
80211991,7
70304979,7
80219127,7
80052828,17
80997338,8
80210736,7
80092801,7
81020728,20
70296346,7
80153226,8
80171023,4
80107989,50
80990464,8
80989338,16
80131551,7
80125291,16
80207124,7
80999643,3
80196789,7
80172145,12
80140955,7
81032872,20
80221272,8
81032873,20
81032867,20
80200596,10
80997339,8
80109551,11
81020973,9
81019341,7
81007175,24
81001097,16
70270949,15
81008536,8
80040119,8
80040330,8
81036532,15
81036535,15
81036533,15
81018239,2
80166467,7
80218939,4
81045765,2
81018634,7
80039602,23
81000861,7
81039381,2
81026363,13
80026431,7
70221348,7
80013772,7
80013474,4
70184051,7
80232329,7
80000644,16
80998331,2
80105030,16
81026453,7
81025946,7
81040405,16
81026475,7
81036745,39
81026478,7
80988832,14
81004164,26
80179556,7
80188902,16
81045054,2
81026477,7
80051137,7
81042804,1
80116922,16
80240715,12
80222301,6
80207046,16
80989867,15
80216124,7
80187030,7
80191239,17
80105699,4
80075595,7
80195522,17
80996957,8
81010212,7
80065754,4
81001121,8
80144453,17
81009829,7
81025391,28
80225595,4
81033201,32
70253594,4
70266069,32
70035037,32
81016342,32
81016408,18
80189522,10
80201490,7
80993105,16
80152350,7
80195198,17
81003741,7
80177346,7
81002594,23
80244190,17
80211229,14
80204730,7
80211590,7
80988989,26
80990571,16
81012943,7
81029884,1
81004280,1
81036338,36
80058480,50
80212701,2
70216819,13
70124651,25
81013509,12
81002685,57
70204955,8
70285697,25
81018536,16
80107514,4
81030201,25
81024726,2
81015153,41
81030198,25
80017265,25
81024716,17
80227959,16
80106306,25
60034549,7
80135353,13
70126809,25
80127645,25
80187471,2
81024500,7
81030200,25
81030197,13
70104313,7
80165085,16
80166319,7
80205593,11
80238204,7
80230507,50
81041515,7
80191074,7
80990725,12
80028732,7
81016327,32
81004245,18
81033200,32
81002951,8
81039383,2
81018377,2
80115341,7
81021528,3
80991809,12
80226242,13
80216094,7
80227995,7
80239961,13
80147529,7
81018860,7
80099656,4
80235857,14
80998905,16
80128275,7
80199682,7
80080109,7
80993625,23
80988835,14
80989043,7
81021831,32
81021832,32
80201866,7
80239932,7
80074249,16
70083532,7
81019520,13
80160504,7
80158168,7
80177400,7
80191036,7
81037898,37
80997085,12
81004099,3
80245299,4
80200267,7
80242926,7
80216621,9
81035105,2
80224054,4
81038832,2
81035109,2
81030893,32
81035103,2
81035104,2
80075824,17
81035108,2
81035107,2
81028556,7
81028574,17
81028560,17
80196044,3
80122177,14
80222787,39
80193978,33
80060034,7
70234440,7
80208213,10
70286533,7
80237420,3
81029831,25
80194289,9
80191219,10
81005091,13
80169786,7
80190859,16
80218634,9
81022683,22
80147923,1
80201862,7
81003058,7
80236993,19
80057565,7
81016857,3
81002596,23
81002597,23
80176771,7
80080491,4
80046777,7
81029848,2
80225421,7
70204957,8
70117582,7
80136795,41
81020531,9
70178217,7
80191051,7
80242446,7
80241877,23
80085566,3
80124722,7
70107499,2
70123117,2
70100644,2
80057750,2
70229045,2
70139073,2
81024731,2
70219525,2
16914787,7
80039595,2
70123120,2
80224055,4
70052249,2
80087857,19
70084775,16
70114588,2
70185139,2
80232501,7
80210147,9
80224606,7
80217889,7
80058851,2
80175945,7
70219528,2
80241947,23
70241088,2
70068799,2
70229044,2
70254349,2
70254342,2
80084838,2
70254346,2
70229040,2
70056663,7
80067906,2
70071832,2
70273401,7
80097390,10
70106268,2
80039594,2
70139076,2
70109758,2
70123126,2
70303431,2
70254351,2
70275076,2
80189997,2
81015100,7
80076581,7
81025404,16
80182949,7
70060017,45
70266675,16
80155792,6
70108590,2
81024728,2
70185141,2
80113304,7
80199806,14
80084834,39
80185145,8
70067230,2
80207446,2
80207447,2
81016324,32
80224362,3
80067754,7
81000863,7
70082255,25
80095241,7
80990221,28
80202352,58
80235268,14
80992500,22
80241061,7
80185048,7
81025088,2
70218316,7
80158516,7
81018183,7
80205231,2
80235864,16
80224536,7
81017545,13
80994444,7
80142390,7
80131240,7
80072207,7
70114484,32
81020005,34
81035748,16
81025800,7
81003997,17
80207486,7
80226951,12
80232279,16
80239666,1
80000770,7
80018294,7
81011973,2
80994754,23
80144152,25
81035749,7
80148162,32
80211465,16
81026343,2
70235760,4
70235768,4
70301553,17
80244900,7
81006356,2
81025935,2
80020935,7
80176076,7
81020508,2
80241004,16
80050063,8
81019031,2
80158148,16
80119451,24
80239565,14
80216844,7
81021082,32
80191047,7
80178943,7
80189221,7
80240972,7
81016322,32
80147323,29
80210932,57
81003880,9
81015317,7
81016328,32
80239503,7
81016321,32
81020161,41
70293622,7
81002592,35
81017724,7
81016323,32
81016318,32
80240840,59
80191369,8
80242081,16
80168222,7
80220650,1
81004460,16
81016330,32
70105130,7
81010662,8
70002129,7
80191963,16
80218099,7
80218973,7
80235999,7
80236359,16
80017240,16
70118859,16
80236356,7
80236778,16
80236470,16
70213237,16
80236357,16
70213238,16
699257,16
80237311,7
80236574,16
80988048,7
80137461,2
81012857,4
70123116,2
80190101,2
81024712,2
70112494,7
80215922,7
81012415,16
70113306,2
70113305,2
80032472,2
70181653,2
80048200,7
80032474,2
80032476,2
70127589,2
80225696,7
80104130,2
80032473,2
70090035,2
81024713,2
70117268,2
70211216,7
70140322,7
81024696,2
70303428,2
80116762,16
70125882,2
70101039,2
70123121,2
80152182,2
70229042,2
70042756,2
80187618,2
81024704,2
80221498,17
70229047,2
70229555,2
70213515,2
81018563,7
81018565,7
70114948,7
80190103,2
81024729,2
81012427,16
80032477,2
81024711,2
81025908,2
70303495,2
70303429,2
80084768,2
70096752,2
70229046,2
80084767,2
81024701,2
80073432,16
81031355,7
70229048,2
70292836,2
80240397,16
80141767,2
70139542,2
70039175,7
70225597,2
70123119,2
70150437,2
80084667,2
70099118,7
81024705,36
80996949,7
80239337,7
70212504,7
81011682,7
80128317,7
81027384,7
80030186,7
80116921,7
70233894,24
81011955,9
81002850,32
81004470,13
80157072,7
81001809,7
80201933,7
80217957,4
81002864,32
80113201,1
81016750,32
81002866,32
80992039,14
81012295,25
80180182,57
80215923,7
80208155,7
80992496,13
70267838,7
80211380,16
80241960,8
80115346,16
80124522,7
80102952,7
80214464,9
80157073,7
80150502,25
80189183,8
80997866,25
80190449,7
70259208,4
80987075,7
80037280,16
70307661,7
81013148,3
70117312,7
81003648,40
81016326,32
80241102,16
80227777,50
81018233,2
81016317,32
81016337,32
81018234,2
80240816,16
81018235,2
81018236,2
81018237,2
81018238,2
80117545,7
81000011,23
80217733,8
80066429,12
80225949,7
80999985,23
80188120,26
80164779,7
80993613,13
80192834,7
80166239,7
81011508,1
81001000,18
80223685,7
80244019,31
80991570,7
70234439,7
80058654,7
80203094,7
70241607,23
80002612,7
80988892,13
80239639,7
80095988,7
80159586,30
80058026,7
70197049,7
70303496,2
80159880,7
81016044,23
80158838,23
81016045,23
70142798,23
70062814,23
80158839,23
80201906,7
80052612,16
80198585,16
80993149,7
80224294,23
80063740,7
81004113,20
81003984,14
70024088,7
81005312,3
80082969,7
80994130,2
81019924,2
81018240,2
81013710,2
70077076,7
81014988,2
80102950,23
80994108,17
70055221,12
81005314,3
80242828,7
81004223,7
80198730,7
81016043,23
17672040,7
81004162,28
80150507,14
70254350,2
80185065,7
70033611,25
80117552,7
80191522,7
80997863,25
80223138,7
80114719,14
80095299,7
80156006,7
80220145,22
81020576,2
81006598,7
80226619,28
70267834,7
81002601,35
80177776,2
81016192,2
81016194,2
81009815,7
81002281,7
80108234,25
70293130,7
60000677,17
70012316,8
70304914,7
70298926,33
80025923,22
80035689,22
80245450,2
81008272,4
81012978,13
80144145,7
81008283,4
80184405,16
80224167,4
80243728,21
70274390,31
80224150,50
81016193,2
81016196,2
80201175,2
81016191,2
80199962,2
80234464,38
80209558,38
80209722,38
80144146,16
80202810,14
80201039,7
80989848,7
80190510,7
81020839,7
80087352,7
80201870,7
80173606,14
80203147,7
80225020,11
80223582,1
80243541,2
70033644,25
80039484,25
70059191,25
11546798,25
70014531,25
70026792,25
80997789,25
80997867,25
80039662,25
80997862,25
60027334,25
80999983,23
70111922,25
80997859,25
70130432,25
70033579,25
70100527,25
80997857,25
80997793,25
80997861,25
70299867,7
80209061,4
81002212,2
80176707,7
80199381,7
80202176,7
70123118,2
80185074,7
80165437,17
80188953,7
80211884,7
81005454,2
80995575,9
80223371,16
80175147,7
80239831,7
80245357,19
80222042,7
70283261,7
81000509,20
70303426,2
80104648,2
80992995,2
80234491,13
80215500,14
80171452,7
80202283,16
80174897,7
80988815,7
70139075,2
70139072,2
70267490,7
80087354,7
70111162,2
80099083,2
60003290,2
80227672,46
70139074,2
70303432,2
70303424,2
70139071,2
70219529,2
70056059,2
70114589,2
80104257,2
80997865,25
70123124,2
70047320,2
70229043,2
80087743,2
70139078,2
70229041,2
70187503,2
70075775,2
1171655,16
80226279,12
80993489,7
70033643,25
70233317,7
80997858,25
80238607,7
80039485,25
80998560,2
70043379,13
80232892,19
70124268,12
80998564,2
80997864,25
80035685,22
70142792,25
81002214,2
80993656,19
80998568,2
80998565,2
80998566,2
81002215,2
70105338,7
81014824,36
81013200,2
80230018,8
80242916,8
80041339,7
70105371,7
60022962,16
81002213,2
80997870,25
60001377,25
80097771,3
80999990,23
80999991,23
80175350,8
81000000,23
70278933,7
81018141,17
81015524,17
81014647,17
70124965,7
80999107,25
80992365,3
80192135,12
80133042,7
80236421,7
80242950,8
80170862,17
80212251,14
80049094,16
80049177,7
80025495,7
80023689,16
70278930,7
80038337,7
80053475,7
80999986,23
80022605,4
80029901,16
80037478,7
80007777,23
80999987,23
81000015,23
80999982,23
81005453,2
80999989,23
70218312,23
81006594,7
80213658,7
80232989,14
80014857,7
80204616,18
80017021,37
70099615,7
70299270,7
80017280,25
80184067,16
80189791,45
80201750,7
80195962,13
80185070,7
80205440,7
80089198,7
80138672,8
80202146,4
80186829,9
80201773,7
80013547,4
80182950,50
80230423,14
70053885,7
70301275,7
80073823,50
70299859,7
80027378,17
70266679,17
1005494,7
80233223,14
80232891,14
80180376,8
80217130,8
70262783,7
70293661,4
70266171,19
80095718,7
70257413,16
80988262,17
70295189,16
80993684,19
70257860,7
80998908,27
70171835,2
81005401,19
80993650,19
80049979,7
80211384,7
70267439,7
70293812,27
80081277,10
81005504,13
80167481,7
80214743,7
70270773,7
80991827,12
70300666,7
80118092,26
80180224,16
80217151,16
80177803,7
80991107,1
81001804,14
80136311,4
80211576,7
80192064,19
80146601,7
80176715,7
80168029,14
80245121,3
70122316,7
80102266,2
80102162,2
80102160,2
70303706,7
70074100,7
70224969,7
70261273,7
70250364,7
80244472,10
80190463,13
80182447,2
70055855,2
70295560,7
80994575,2
60036112,2
80994424,2
80997402,4
80994423,2
80236278,2
80217136,7
80115118,7
80180851,2
80236279,2
80994573,2
70057519,7
80994425,2
60029032,7
81002211,2
70062158,2
70142386,7
80996343,13
80994419,2
80994426,2
80994574,2
70125939,2
80994420,2
70205125,25
70034610,2
80992111,12
80222256,7
80206917,18
80176064,7
80994421,2
70098332,7
80236280,2
80994572,2
80217135,7
80996349,13
80217120,7
80993648,2
70245034,7
80210887,23
80220676,7
80173623,7
80109341,14
80198478,16
80195811,16
80191989,38
80097225,16
80238434,22
80177782,7
80217569,7
80240691,3
80241779,4
80994807,7
80192018,7
80200015,7
80996455,9
80038207,8
80160994,3
80231602,16
80179900,7
26009364,7
80231601,16
80238351,28
80128245,7
80988793,7
80219802,16
80185266,4
80002537,7
80993655,13
80997770,7
80233611,17
80195801,7
70074315,19
80991033,2
80244547,26
80991025,34
80184100,7
80131280,14
80991026,38
70267830,7
80994442,9
80222188,7
80168189,7
80244709,17
80194946,12
80094728,16
80147919,4
80233441,3
70290904,2
70281323,7
80186608,7
80121841,7
80007912,8
70135893,16
80994443,2
80245442,23
80190515,33
80229216,2
80048218,7
60033300,4
70011206,7
80998558,2
80190097,3
80168167,7
80245626,10
80196584,27
80148927,60
80189827,7
80025384,7
70140358,7
80239459,7
80202903,14
80990935,1
80084666,2
80192137,19
80195049,7
80186850,7
80075820,7
80113612,26
80220758,7
80213536,8
80151384,7
80091267,2
70197057,7
80182919,7
80161216,17
80218111,6
80025273,4
70083809,7
80227554,16
70158421,2
20258084,2
80233511,19
80994416,2
80243408,2
80994418,36
70050576,8
70253596,33
70273371,8
80186940,7
80117736,7
80117748,7
80192065,12
80158319,7
80143556,16
80184379,7
80221308,7
80213657,7
80217133,16
80116761,9
70118125,10
80177300,7
80100933,12
80189866,4
80193475,7
80195964,10
80213024,3
80210691,7
80244782,18
80023612,7
80144280,12
80209866,13
80241666,38
80167648,14
80992499,22
70252898,4
80990658,61
80241044,19
80213148,16
80150390,2
80993495,2
80229034,2
70213130,1
80192548,2
80232894,18
80232330,7
80103425,19
80170875,16
80990815,2
80990816,2
80081705,1
80990829,7
80238110,7
80229102,2
80241876,3
80101826,1
80990811,2
80066146,1
80224106,4
80206732,2
80990810,2
80235767,14
80236099,7
80990814,2
80245268,18
80228322,2
80223149,7
80179373,7
80233962,14
80233493,7
80990813,2
80220531,4
80987906,8
80231066,24
80217848,62
80175333,2
80198419,3
80164864,7
80162993,14
80226927,8
80184682,17
80149821,7
80183328,7
80217772,10
80164088,7
80182411,7
80205442,9
80226424,1
80158976,7
80238655,7
80192186,7
80216834,4
80174436,7
80187301,9
80178971,10
80215782,25
80097516,10
70217161,7
80190407,7
80232914,3
80213655,7
70114022,7
80180225,63
80189853,16
70059700,7
70142918,7
80992231,18
80239700,19
80231523,3
70124562,16
80152625,7
80175421,3
80104198,7
80108373,7
80133153,22
80158875,16
80218962,39
80202076,7
80208951,6
80130625,7
80096984,7
80222823,14
80209895,7
80189646,7
80226962,12
80161104,12
80191990,19
80175352,16
80003196,3
80185032,7
80119177,42
80231064,24
80227118,24
80227115,24
80227113,24
80227116,24
80227119,24
80227117,18
80227114,24
80194610,10
80038443,24
80231065,24
80217689,3
80235025,7
80164904,2
80237428,12
70158329,7
80987611,2
70060380,7
80202808,19
60010082,7
60033788,7
60033786,7
60033787,7
60022255,7
60022254,7
70020048,7
284890,2
80122234,2
80226076,33
70115621,2
80103383,7
60011619,7
80041337,7
80209356,50
60033223,2
80244992,2
80208373,43
80148180,7
607931,7
80225907,16
70298251,7
60002111,2
80036662,22
80174145,16
80190215,7
70000196,2
80245519,2
80245329,2
70083535,2
70039405,2
60000722,2
70134539,2
80122233,2
80245518,2
80124313,2
60036359,7
80049281,7
70084328,19
70099610,16
80217041,7
80156408,16
80244567,16
80170720,12
80233664,20
80097034,16
80023644,16
80176592,16
80170381,2
70177034,8
80117458,7
80143362,7
80201200,13
80145087,7
80183197,12
80148210,16
70153385,4
70128549,4
70069233,4
80206395,16
80127927,3
80216988,55
80213803,16
80021955,7
80222896,39
80020132,7
80206758,16
80222788,13
80169617,7
80144454,31
70204282,64
80242378,7
80184068,16
80171733,7
80245408,2
80164752,50
80144983,7
70136114,4
80175685,7
80189216,7
80204923,37
80112916,19
80117831,7
80145240,7
80239442,2
80238299,2
80201814,2
80201604,2
80192244,8
80235957,2
80226021,43
80235139,2
80147758,65
80201608,2
80241537,17
80241616,17
80239642,7
80239988,2
80173925,7
80092654,57
70041893,19
80238298,2
80234795,2
80238400,2
80215154,29
80239738,2
80206360,30
80237300,11
80226234,1
80174917,8
80189653,16
80135585,7
80216664,7
80017535,7
80219917,15
80174144,7
80220677,50
80229829,66
80161848,8
80185171,16
80026506,7
80209796,4
80152434,7
80214772,1
80219143,2
70260374,7
80190180,42
80238080,7
296682,7
60037606,7
80174617,57
516154,7
80170187,7
80174137,7
80214580,7
80097594,8
80156688,7
80192139,19
80192063,38
80218656,4
80215076,4
80184973,7
80203919,7
70229921,7
70021551,2
80236167,2
80175151,36
80232404,7
60036746,2
60036613,2
80219180,2
80214584,16
17671454,2
60036617,2
70294790,2
70063017,2
60003401,2
80224605,16
70021253,2
70138498,2
80188099,16
70025303,2
70048905,2
80223227,2
80223195,2
80236906,2
80238297,2
80235958,2
80238296,2
17969262,2
80223317,2
70012334,2
80184131,7
80106947,2
80082014,7
80235325,2
70291094,7
70250369,7
80091689,16
80223230,2
80059049,2
60032008,2
60037397,2
80223228,2
70001082,2
80238291,2
80158247,10
60035875,2
70244982,2
70065769,2
70099702,2
80238637,2
80188777,2
80238293,2
80132381,14
80023851,2
70019491,2
70304187,4
60001670,2
80196367,3
70134669,2
80202728,67
80238294,2
80023853,2
80244078,2
80238292,2
80238190,2
70304188,4
70304186,4
70304189,4
70143440,4
20717860,2
80201833,7
80238295,2
80223190,2
70125935,2
60021903,2
70001564,2
80190130,7
80226357,1
80220000,16
80134779,7
80214583,7
80213299,7
80214579,58
80170119,3
80109295,14
80108450,7
80037278,3
80119233,16
80117555,7
80170368,7
80138915,16
80223050,1
70251896,7
80198735,7
70272479,7
80108610,31
80217121,50
80161335,16
80223123,7
80214581,7
80223731,8
80211728,1
80226338,1
80209153,7
80222025,7
80191555,19
80039394,7
80117551,7
80184625,7
80144372,1
80201612,2
80202087,2
80201816,2
80201605,2
80235135,2
80201609,2
80198794,8
70116577,2
70121660,2
70120167,59
80201622,2
80201817,2
80167498,7
80227304,2
80118913,7
80168084,16
80174367,7
80217312,16
80209006,68
80220692,13
80117531,7
80178280,45
80179371,7
80201570,7
80225034,7
80221279,25
80201497,7
80134431,7
80198745,7
70252885,7
80097140,7
80157137,7
80177414,65
80226233,1
80205451,7
70045919,7
80141928,7
80198055,17
80186731,7
80195654,7
80170992,6
80222248,7
80078037,17
70286901,28
80163352,1
70251218,7
80217040,7
80172958,7
80171291,7
80234290,16
80063658,16
80080436,7
80168231,7
80224476,10
21028726,7
80019930,7
80141960,16
80226168,1
80109193,14
80214582,7
80168198,7
80064235,14
80107084,7
80118100,7
80196589,15
80183089,12
80125818,3
80192138,19
80018988,7
80190283,42
80194737,3
80214406,1
80192062,22
80193614,7
80003479,13
80163053,7
80208684,7
80084164,7
80175290,7
80214777,7
80216146,8
80195429,7
80158485,7
80198661,7
80174219,16
80215322,14
80191988,22
80082647,7
80180373,8
70114021,7
70275751,7
80216224,7
70285368,33
80154682,7
80158543,69
80216543,7
80223136,7
80189955,16
80195807,7
80116307,1
80228321,2
80156940,2
80222177,17
80224233,23
80168300,16
80228282,2
80117694,7
80108149,59
70120182,7
80173395,7
80226236,1
80187307,7
80170870,7
80192136,22
80109128,16
80187188,9
80213403,7
80233024,2
70251894,7
70136129,50
70175670,7
80200744,7
80002667,7
80174974,8
80213400,7
80213401,7
80198056,7
80208083,3
80201623,2
80202086,2
80190844,7
80201626,2
80195653,7
80084756,7
70117122,2
70136126,7
80197427,10
70304246,7
80192627,4
80202713,14
80084454,2
70153412,7
70204980,8
70204981,8
80196217,7
80208908,5
80167491,7
80206907,7
80202905,2
60035870,2
80074065,2
80020971,7
80201809,2
80228146,2
70169918,7
80201810,2
80041601,16
80221637,2
80197301,7
19207412,2
80217436,7
80201618,2
70128225,2
80020131,7
70286028,7
80020036,7
70301472,7
70286029,7
80196138,7
80138615,7
70297799,33
80131236,3
70297439,8
80184547,7
70116578,2
80202908,2
80184135,7
80139199,1
80208830,5
80201813,2
80186459,3
70157196,16
80155790,45
1065372,7
80159566,7
80201815,2
80217857,16
80194813,7
70114043,2
80198350,18
80190585,4
80210716,7
80230402,7
70205634,12
80230465,3
80168234,7
80221778,18
80184972,23
70243132,7
80029102,12
80208084,26
70205710,12
70205714,12
70236010,12
80208212,8
80218432,16
80163263,4
80208337,3
70132228,7
80194671,3
80192950,16
80141781,10
70253590,16
80182473,7
80214478,7
80182034,16
80190840,7
80195377,16
80168161,7
80158649,16
80165247,17
80119234,7
80229953,2
80223098,19
80232740,4
70221084,17
80107030,12
80205978,7
80189806,16
80190279,4
80155902,26
80206057,7
80128686,1
80175314,7
80145625,13
70264416,7
70117674,2
80036412,7
70213120,8
80214013,1
80104116,7
80197310,7
80220783,2
80092415,4
80177441,7
80218586,2
80210182,7
80173711,8
80018252,7
80203788,2
80227673,2
80218784,2
80218783,2
80223049,2
80217545,7
80191975,16
80203784,2
80106230,1
70003680,12
80216651,16
80216662,7
80059446,7
70302182,7
80158871,7
80139397,16
80107019,30
80191835,16
80205065,17
80194612,7
70152959,2
70144331,2
80178974,7
80157086,2
70089214,2
60020906,2
60002808,2
70129396,2
80156938,2
70087087,2
80156405,55
70063484,17
80185876,7
80187435,7
80157752,16
80206847,2
80164930,8
80158854,7
80018987,7
80208746,4
80203781,2
80204929,17
80180601,41
80221317,16
80178882,10
80191081,7
80203792,2
80191930,16
70170181,2
80175348,8
80173001,2
80171247,68
70286808,3
70135647,7
80201828,2
80203787,4
70205024,8
80196221,7
70236586,16
80216237,7
80173271,7
80191513,37
70302007,7
80176212,7
70286809,3
80221261,16
80092878,8
70302484,16
80219019,2
80217495,46
80174220,7
80126449,7
80103512,14
80199051,8
80198545,4
80196379,14
80214115,1
80203522,7
80097141,7
80208104,17
80134827,7
80127558,7
80158084,7
80177865,1
80160759,7
80209608,4
80182622,2
70269479,7
80057171,7
80175694,7
80016471,7
80171561,7
70113538,7
80136925,2
80202454,41
70040076,2
80009361,8
80166471,28
80191804,7
80191109,7
80147403,7
80205085,4
80131563,4
70174733,7
80175822,8
80175619,8
80046193,7
80183088,12
80198018,7
80127990,9
80180849,8
60024976,7
80185003,7
80058852,7
80173002,7
80183783,7
80204460,2
80196135,16
80119411,4
80201826,2
80158388,2
80203778,2
80201820,2
80103312,14
80205563,8
70308105,14
80202605,37
80208211,3
80203791,2
80079229,2
80080145,36
80216270,2
80157797,10
80032364,4
80203786,2
80032097,2
80156684,7
80187302,1
70155610,7
80174727,13
70279656,7
80157714,15
70236561,16
80201827,2
80179288,4
80203780,2
80216215,12
80211371,2
80208273,7
80145699,7
80204927,17
80192097,7
80189954,4
80197912,7
80117454,7
80173479,7
80219941,16
80064515,7
80158919,16
80135414,7
80068326,16
80017286,7
70170182,2
70082633,2
70049619,2
80211135,2
70109884,2
70176967,2
70198040,2
80135164,7
80095900,7
70167128,7
80118101,7
80184569,7
80113669,7
80171705,3
80177406,7
80211134,2
70271601,16
80136786,7
80204433,2
80201824,2
80203782,2
80201829,2
80126016,45
80202089,2
80203789,2
80193423,64
80201825,2
80202376,41
80028360,2
80203783,2
80142617,7
80201823,2
80190841,17
80115858,17
80183199,3
80158547,2
80206827,2
80202090,2
80203790,2
80158391,2
80201822,2
80135640,7
80211540,4
80187205,13
80148070,10
80155812,24
80183198,12
80158844,16
80005756,17
80164456,7
80174434,7
80103282,62
80134526,14
80205204,7
80196216,7
80174918,8
80109399,13
80170301,13
80189623,7
80063705,7
70281526,7
80199767,7
80191665,7
80161921,7
80011206,7
80039069,7
80198771,1
80062096,3
70291096,7
70130483,7
80031038,7
80065930,7
80112370,7
70165189,7
70197459,7
80095193,7
70246439,7
80158155,7
80202539,8
80063617,9
70155629,7
80204252,16
80107077,17
80191075,7
80202503,14
80147971,7
70257412,7
80172937,7
80118280,4
70155618,7
80204402,16
80135360,16
70286355,7
80150246,4
80017272,7
80075828,8
80095089,7
80208176,7
80116741,27
80204400,16
80171004,3
80063290,3
80187223,3
70136140,7
70158332,7
70158331,7
80002999,17
80162195,45
80106036,57
80198687,1
80163353,16
80162246,12
80112371,7
80189209,20
80208413,2
80187061,1
80181555,16
80128722,7
80182115,7
80104068,7
80199032,16
80074503,7
80126507,50
80060037,3
80151483,7
80173625,7
80131479,7
80023289,4
80198423,7
80162144,16
70304191,4
80103311,14
80196586,7
80099204,7
80163156,7
80176878,7
80192815,7
80136785,16
80165072,16
80067522,61
80192149,28
80142637,36
80192014,7
80192015,12
80119379,28
80168230,7
80202129,16
80119145,7
80198046,7
80118289,17
80192445,7
80158670,7
80162143,16
80125979,7
80163890,14
70304989,42
80164077,38
80117902,7
70304990,7
70299204,31
80057969,3
80060297,7
80046728,3
70270745,16
80046727,7
70304988,7
80057700,7
80152447,30
80162141,16
80147760,7
80177405,7
80113482,7
70283260,7
80113641,7
70143860,7
80203776,35
80143797,13
80161931,7
80188969,20
20254278,2
80189208,20
70276596,8
80063025,8
70068739,7
80158389,2
80184974,59
80156941,2
80178543,8
70213196,8
70208520,7
80061314,7
70052492,8
70036200,8
70018513,8
80158480,2
80105933,7
80139506,7
80205314,2
80133200,57
80158545,2
80156939,2
80025172,7
80152537,8
80045673,8
70275937,8
70101321,8
70108386,8
70074559,8
80162197,10
80184055,7
80059047,1
80160358,3
60034929,7
80157134,2
80141891,19
80183897,7
80177834,13
80121855,16
80168028,19
80200913,10
80108561,16
80190990,19
80173269,7
80042182,16
80193491,7
80184834,7
80059505,7
80163159,4
80152442,7
80161232,38
80132127,8
80164392,17
80122759,7
80163366,41
80128689,7
80185322,7
80163054,4
80134952,7
80079255,18
80163295,32
80163407,41
80163265,41
80171742,7
80162179,7
80153897,13
80138469,13
80049903,7
80002566,7
70177633,7
80146805,16
80190984,4
70142437,7
80175913,24
80182274,17
80185166,7
80068219,7
70209163,7
80170687,8
80163191,4
80184661,7
80039439,7
80162142,16
80175483,7
80188580,7
80106737,12
80142058,7
80105356,43
70296443,7
80168033,16
80160346,7
80128691,7
80195838,7
80203996,2
80203998,2
80203997,2
80204117,2
80204119,2
80204118,2
80163368,41
80184868,7
80165221,7
80138681,3
80167488,25
80142222,13
80156927,13
80176929,1
80124724,12
80176931,1
80194184,4
80168079,7
80155475,16
80194367,4
80117800,7
80173176,14
70140438,16
80190147,7
80190149,7
80195886,2
80190148,7
80185803,17
80147321,4
80185369,20
70248183,10
80159897,1
80185707,16
80166472,28
80185801,16
80186252,16
80151962,50
70305043,16
80176179,7
80190146,7
70221085,16
80184595,20
80166481,28
80185622,16
80114501,7
80187107,17
80167646,38
80080106,7
70140450,16
80185861,16
80185722,16
80081374,3
70250398,16
80175275,1
80119381,24
70254851,16
80162192,12
80092926,7
80195835,16
80171022,7
80185321,7
80147988,43
80145512,7
80155863,16
80115874,70
80191000,43
70153374,4
80183329,2
80192842,7
80154884,4
80167460,14
80113589,14
70298393,2
80191557,2
80149064,7
80168188,7
80171659,7
80044126,7
80148179,16
70301023,7
80120200,24
80171125,16
80119249,7
80049870,7
80062047,4
80160516,13
80160597,13
80117747,7
70228154,13
80177339,2
80170277,7
80195243,7
80164164,28
70306701,7
80178940,3
80158301,24
70290905,17
80156950,15
80167699,7
80158390,2
70294800,7
80004462,7
80184770,19
80191358,4
70152640,7
80118532,17
80021966,14
80190946,31
80107948,7
80094964,36
80103470,26
80149594,24
80158481,2
70299811,2
80116687,1
70229498,2
20257393,2
70155574,7
80093106,14
80157567,15
80157390,15
70172488,7
80171528,13
70153408,7
80157645,15
80187467,36
80160125,15
80187323,36
80157132,2
80157717,15
80093104,14
70153390,7
80127764,14
80095411,7
80156387,8
80190144,7
80091936,1
80133553,7
80161640,7
80108952,38
80171598,2
80191356,4
80191357,4
80143794,7
80168227,31
70026432,7
80155477,7
80167644,7
80027041,4
80166185,2
80031377,7
80173234,16
80000139,7
80151644,7
80185223,7
80160814,12
80038159,7
80026224,7
80049873,7
80094358,7
80174177,7
80007778,18
80164206,57
80187684,2
80160726,9
80104706,26
80172284,18
80158770,16
80176756,7
80168221,7
60001104,16
80132601,7
80163277,1
80176866,1
80162114,1
80163369,13
80114989,13
80163266,1
80178564,1
80103734,4
80159025,19
80042309,16
80169554,2
80144311,12
80109145,32
80117455,25
80132626,1
80121844,14
80133117,16
80046249,7
80158750,1
80157084,2
80158580,16
80108609,7
80173267,7
80144804,7
80106038,21
80122189,2
60000901,7
80158769,16
80158579,16
80121872,2
80158920,2
80107736,7
80148967,9
70057994,3
80186862,4
80131505,14
80102549,7
80156937,2
80035684,22
80158546,2
80122239,2
80156936,2
80121843,14
80124091,33
80157244,15
80122238,2
80158581,16
60023237,12
80176144,16
80024103,7
80133554,7
80148223,16
80176342,2
80010655,7
80167459,7
80169348,7
80164778,2
80000063,7
80068327,7
80117765,16
80165083,3
80098046,1
80091779,1
80091783,1
80131167,16
80098047,1
80091781,1
80091778,1
80018046,14
80121973,24
80115466,8
80176819,1
80173481,23
80142223,9
80044908,7
80122179,7
80047200,7
70143864,7
80097814,16
70241757,7
80133551,7
80157133,2
80122237,2
80107656,7
80157083,2
80098287,7
80059342,7
24081514,2
70202589,16
80047031,22
80128688,7
80157564,59
80178078,16
80097726,16
80120740,7
80174364,7
80114666,7
80049714,7
80157866,16
80161029,3
70261058,2
70204288,2
80057278,2
70293703,2
80165853,2
80161108,4
80082660,14
80134780,7
80106754,7
80108613,7
80106793,7
80057609,17
80124727,12
80117263,7
80126879,24
80047032,22
80133663,7
80117082,4
80134149,7
80115133,15
80176698,2
80165848,2
70275753,2
70295762,2
80165849,2
80158395,2
70275774,2
80103430,7
80165850,2
80103372,7
80068117,2
20764666,2
70268209,2
80165851,2
70129415,7
80095094,7
80156763,3
80156857,3
70268489,2
80159732,8
80158588,16
80178720,4
80106505,2
80169548,7
80015785,2
80097361,7
80176716,2
80132961,4
80165857,2
70258366,2
80165732,2
80165854,2
80083589,2
80032081,2
17457962,2
80182105,2
80165855,2
70273637,2
70176968,2
80173605,14
80165856,2
70308135,2
80161826,1
80044562,7
80142316,7
80162136,1
80154638,1
80128715,7
80164212,4
80127464,14
80081278,17
80158042,2
80117684,6
80106337,43
80133552,7
80018869,7
80170611,4
80003150,7
70296578,16
70296574,7
70309257,16
80012520,7
80115671,7
80115676,7
80118916,7
80050007,7
80146759,7
80116626,1
80172000,7
80169778,7
80164465,7
80117484,7
80015794,7
80081790,16
80122232,2
80122192,2
80015280,10
80141253,10
80141254,10
80126877,24
80122235,2
80126599,24
80122191,2
80176265,16
70205713,22
80160081,18
80168301,5
80156683,3
80049872,7
80141185,14
80126569,7
80171982,14
80035467,7
80156856,3
80149145,12
80164207,9
80106743,7
80142474,7
80170688,1
80160972,14
80169549,2
80097466,7
80118918,31
80025601,7
80105690,14
80134527,7
80098839,7
80130911,16
80161109,7
80015799,7
80036657,16
80122193,2
80159714,38
80172938,7
80131414,16
80123567,24
80170612,2
80144890,9
80106786,10
80115101,7
80141261,16
80158482,2
70266998,8
80081955,7
80164112,16
80122240,2
70302835,2
80125512,4
70129457,7
80121873,2
70205014,8
80122186,2
80158479,2
80104318,7
80100054,14
80097468,7
80171439,2
80104237,19
80093107,14
80142103,4
80179907,16
70157434,16
80152842,16
80049928,7
70296765,7
80131168,16
80179201,16
80119190,7
80119187,7
80048568,16
80178464,16
80119192,7
70202593,16
60027945,7
80119188,7
60027942,7
80115857,7
70281026,16
70304244,16
80178836,2
80119194,7
80179057,16
80119191,7
80119193,7
80119189,7
80119186,7
80169785,16
70013050,7
80173770,16
80173896,16
70022548,7
80018336,4
80180509,2
80145255,7
80134826,7
80175623,2
80022276,7
80162210,9
80126485,7
80082242,7
80044566,7
80135149,9
80171965,7
80100945,18
70293820,18
80170109,38
80170245,38
80117291,8
80132964,7
80117824,1
80108984,7
80113090,7
80135296,7
80156047,17
80158577,1
80132738,8
70307848,7
70105599,7
80114919,30
60029366,16
80100260,7
80017170,16
60021758,2
70095265,4
80164075,3
80117240,7
80098842,16
80156935,2
80102080,2
80092884,2
80081274,2
80170845,7
80134967,7
70210484,7
80141173,63
80134515,24
80134521,24
80081170,7
80097003,7
80134516,24
80134606,24
80134518,24
80134330,24
80038298,24
80134500,24
80038353,24
80038354,24
80038439,24
80038440,24
80134604,24
80134524,24
80038355,24
80038441,24
80134433,24
80134436,24
80134514,24
80134398,24
80134520,24
80134420,24
80134501,24
80161700,1
80134399,24
80134438,24
80134435,24
80134519,24
80134434,24
80160357,3
70299745,24
80038527,24
80038445,24
70309693,7
80107737,7
80098305,16
80152742,50
80107370,2
17687959,7
80150002,7
70260729,7
80123950,12
80095806,7
80013550,33
80172593,7
80135631,10
80135586,7
70175127,10
80038168,16
80172474,16
80172475,16
80135587,16
80172471,16
80144119,18
80097072,7
80172468,7
80003149,7
80165917,2
70155788,2
80119382,60
80172470,16
80134814,7
80103424,19
80158817,1
70285730,2
80172469,7
80061160,7
80133550,7
80103313,7
80159955,2
80119235,9
80046599,7
80071048,9
80100937,7
80081863,12
80155793,1
80100261,16
80097376,16
70202577,7
80013283,7
80118004,57
70281600,7
80003151,7
80003152,7
80012477,16
80003153,7
70296573,16
70202579,7
80134969,7
80117596,2
80121386,14
80158772,7
80152627,14
80149259,8
80161850,2
80107808,7
80154508,1
80123910,2
80103428,2
80113673,2
70100084,7
80106438,7
80082749,10
80065214,7
80152155,18
80158801,1
70137744,4
80158803,1
80167461,14
80157565,38
80081987,7
80134968,16
80134887,12
80150604,1
80013293,3
80147513,9
80057749,8
80103818,16
80141788,18
80106791,71
80174429,7
80119555,17
70180051,17
80158270,12
70302836,3
80151370,7
80168052,18
80167667,4
80038446,30
80157760,7
80124726,12
70301279,7
80098490,7
80005332,12
80060060,2
80091866,2
80124947,4
80017528,2
80095530,2
80093105,14
80134682,17
80154179,13
80127604,7
80156767,19
80159668,2
80157242,7
60036691,7
80161851,7
80112415,16
80152745,7
80167843,14
70306702,4
80133549,7
80081958,12
80117940,3
80099016,16
80123792,12
80132792,26
80148920,9
80117453,7
80124680,3
80149575,19
80144448,2
80100936,7
80119375,7
80133139,7
80117452,7
80152003,7
80126875,24
80126991,24
70098902,4
80118718,16
70114977,10
80105342,7
80119140,50
70285683,7
80141338,48
80015154,10
80106440,7
70180293,4
80128690,12
80156769,2
80141337,10
70298946,7
80144144,12
80106504,7
80141335,7
80113667,9
80137087,3
80096955,7
80125593,19
70286564,7
80098203,7
80081960,40
80117811,7
80095649,7
80079428,7
80096786,16
80097725,7
80128657,7
70295415,7
80125627,2
80148595,9
70301484,57
80038358,4
80134893,7
80134966,7
80140364,20
80158376,2
80140617,20
80154688,2
70060010,7
80140939,13
80140490,20
80011026,3
80117742,7
80140938,20
70302614,31
80147318,2
80152741,2
70158330,7
80097375,30
80145085,2
80144141,7
80118002,2
80141033,20
80140362,20
80115134,7
80098284,12
80154689,1
70269429,7
80136332,10
80043576,8
80116839,7
80037129,24
80037176,24
80037484,24
80120301,24
80145086,16
80134885,12
80136548,7
80097363,7
80025744,7
80132411,7
80163222,3
80142140,19
80117628,7
60030245,7
80105358,7
80108691,7
80144803,7
80117627,18
80104983,16
80136440,7
80074152,4
80127459,7
80101609,7
80093295,10
80115112,3
80126211,1
80142450,16
80139507,2
80126185,1
80126153,1
80087347,36
80128756,13
80066800,1
70204995,8
80031595,1
70142436,16
80126214,1
80087348,36
80098810,26
80087078,36
80093812,9
80104182,7
80091880,4
70267802,7
80124728,12
80104420,7
80131415,57
80132410,7
80065491,16
80149141,14
80160347,7
80098200,7
80091245,7
80103392,7
80158044,20
80098288,7
80109535,3
80117746,7
80142615,7
80115673,7
80105691,33
70304245,7
80104103,7
80117080,3
80044536,3
80063989,4
70301620,12
80115102,4
80106265,17
80098467,7
80098491,7
80147908,7
80113785,2
80152091,7
80118982,34
80134109,20
80133781,20
80039789,8
80149139,2
80040118,8
80134797,14
80114915,7
80040089,8
80104240,7
80134078,20
907090,7
80135563,7
80149282,2
80154176,8
80097475,34
80141787,12
80109415,7
80049871,7
80107037,2
80077402,7
80107219,2
80124725,12
70230138,7
80117534,7
80115031,3
80120640,22
80029708,16
80123729,16
80119125,7
80117532,10
70260514,2
80127995,7
80107990,9
80091658,7
80134093,3
80134279,7
80114869,55
80045820,16
80148275,18
80117461,7
80127600,7
80117533,48
70243696,16
70243692,16
80144358,16
70157402,7
80111881,20
80112186,20
80112079,20
80112077,20
80112075,20
70303291,20
80097360,7
80093212,14
60000545,17
80025702,17
80128692,4
80156369,17
80144588,7
1145882,25
80092857,4
80094648,4
80066073,16
80123740,3
80123741,3
80094260,4
80123742,3
80095197,14
80066079,7
80117443,7
80089199,31
80123743,3
70258995,8
70208801,8
70260383,8
80123744,3
70204970,8
70105699,8
70124999,8
80088507,7
80080727,16
70309457,8
80097472,7
80075476,7
80127559,7
80091741,7
80115464,7
80113144,7
80041653,50
80141858,7
80111818,20
80116939,20
80094453,9
80128338,16
80111650,20
70153553,2
80111554,20
80097248,7
80098709,38
80111556,20
80092849,14
80107372,7
80138584,7
80106138,31
70205018,7
80109536,7
80111683,20
80038288,2
80109089,7
80061797,18
80111845,20
80081155,33
80097321,7
80106966,7
80011539,7
70197042,7
80119815,7
70242079,4
70295760,50
80092885,4
80108371,7
70129452,7
80045805,7
80101827,16
80088910,7
70290909,7
80126566,11
80106307,7
80117401,16
80024113,7
80095641,16
80057610,7
80106140,31
80106137,31
80118873,16
70229514,16
80114155,36
70303288,20
80118841,16
70198116,7
80102579,4
80111273,20
80097438,7
80111710,13
80114419,14
80118888,16
80128337,27
70303289,20
80111614,13
80111275,20
80103426,14
80118889,16
70275600,3
80057968,8
80097431,7
80057691,7
80115152,19
80048569,16
80115686,2
80078197,7
80118930,7
80044965,50
80114588,7
80078761,16
80108985,16
80115844,2
80114111,7
80108998,16
80100772,7
70044256,7
70113636,7
70237054,7
70301469,7
80108759,7
70300626,4
80057578,3
70204316,7
80109260,7
70303287,20
80109640,16
80106144,16
80106150,16
80106338,16
80107987,16
80104552,17
80108147,7
80108996,7
80108473,22
80106611,20
80108494,20
80108773,20
80108844,20
80109248,16
80108846,20
80108847,20
80109038,20
80062112,7
80093198,7
70298116,7
80045811,7
80107087,7
80096585,7
80106928,19
80064459,7
80102204,7
80097221,4
80103331,8
80106989,33
80048977,7
80104622,10
80097355,2
80103318,8
80022632,4
80104950,3
80114498,57
80036981,7
80106979,7
80053140,7
80065182,7
70305883,7
70251160,1
80105672,5
80114700,7
80106139,26
80114499,57
80108386,2
80085300,56
80039644,7
80052790,16
80087548,4
80097641,12
80097349,7
80005588,16
80076698,13
70261178,7
80058427,33
80106124,7
80095626,8
80104022,17
80103006,17
80104041,14
80105085,43
80093213,14
80099305,16
80103623,14
70210883,4
70281343,17
80063265,7
70300066,4
80087933,16
80100106,7
70212980,7
80104330,16
80059440,12
80101493,7
80087897,7
80093103,14
80102305,3
80048940,4
80044093,7
70298341,16
80052683,33
80061161,13
80082862,7
70241596,7
70227189,4
80027271,7
80064273,7
80098475,30
80058247,7
80094357,10
80091879,7
80026032,7
80094557,8
80085438,7
80085439,7
80011846,7
80064521,7
70272742,4
80067942,8
80106136,7
80097423,7
70171957,4
80101096,7
80092781,4
80058460,7
80076467,16
80049951,16
80031800,7
70028197,7
80007225,16
80016571,8
80073289,7
80095233,37
80079265,7
80058979,7
80097530,7
80092404,7
80092850,14
80093127,14
80041089,8
80039717,13
80016401,33
80023667,7
80022456,7
70307570,7
80081337,7
80046696,7
70212989,4
80044834,7
80046348,7
80059410,7
70271773,7
80065220,7
80008583,28
80042371,7
70261978,16
70279637,16
80049171,16
80048250,16
80073486,7
80079427,12
70118799,25
70137753,25
70143842,7
80077923,7
70184127,7
80036832,4
70213235,7
70184128,7
70221672,4
70213085,7
70213084,7
70213083,7
70213082,7
70213081,7
70213080,7
70213079,7
70213078,7
70213077,7
70213076,7
70221673,7
70221570,7
70221571,7
70221569,7
80008257,7
80092837,7
70259568,7
70242898,7
70242897,7
70213075,7
70213074,7
70213073,7
70213072,7
70294113,7
70242900,7
70242899,7
70287605,3
70136120,7
70184126,7
80024132,7
70142362,7
80082739,5
80083594,7
80042177,3
70157152,7
70271592,7
80046144,3
80046145,17
80039655,7
80090672,4
70196150,7
80085567,45
80092409,30
80039517,7
80081410,4
80042368,7
80081754,7
80067618,8
80073100,7
80066806,17
80079470,7
80058424,7
80049065,7
70279188,7
70266684,7
80045783,7
80062011,7
70242310,7
80038442,7
80043049,7
80044545,7
80070182,7
80042307,4
80075009,18
70245168,7
70235731,16
80031666,16
80046779,7
80048100,3
80019931,7
80059432,7
80066798,7
80033772,7
80045922,7
70177067,4
80017275,57
80044804,7
80018296,3
80039813,7
70143843,7
80028208,7
80025553,10
80014996,10
70306646,7
80044731,7
80004286,7
80027772,4
80015210,7
70281022,16
70308063,7
80038420,7
70177040,16
70155579,7
80032640,12
80027373,4
80038162,7
80038335,7
80020540,7
80011852,7
80028529,7
80028359,7
70225722,16
70266023,7
80045629,7
70219642,16
80029368,7
70283263,7
80035480,16
70136135,7
70230417,3
80038296,7
80011848,7
80013282,7
80007215,17
80038290,7
70136152,7
70153404,7
80019503,7
80023876,7
80023921,7
80012535,7
80020772,16
80004478,7
70221438,57
70264616,4
70264612,4
80004534,7
80009431,16
70299286,7
80010717,7
80005501,7
80003481,7
80005444,7
70308278,7
70299904,7
70302844,7
70302184,7
70136122,7
70295085,7
70177084,7
70296733,7
70268449,16
70253398,7
70290567,7
70288423,4
70290568,7
70293417,7
70280748,7
70143811,7
70278877,7
70157231,7
70143836,7
70259784,7
70259177,7
70253397,7
70213466,7
70242630,7
70242629,7
60003082,7
70166234,7
70206821,7
70206816,7
60022914,7
70206818,7
70206819,7
70206822,7
70206820,7
70206823,7
70206824,7
70206825,7
70206826,7
60003155,7
70154110,14
70141644,7
70127998,7
70084180,33
70157452,7
70053412,7
81082007,72
80213643,16
70205672,14
60020826,4
81177504,57
60022645,37
80216180,8
80245262,7
80212245,4
60023606,10
70267398,3
80028357,16
60031884,7
70121502,45
70087538,10
1181661,10
80025678,7
81132624,10
80046819,3
70293315,14
70124331,50
81217749,7
81034946,7
80057250,16
81034600,25
70306305,7
70113005,7
80027560,4
70135899,17
81215438,1
81214187,4
70292700,4
70044870,10
449931,18
60036838,7
60021796,16
60031247,3
80153894,7
70020947,4
709380,7
70044883,12
81075744,8
70100383,16
70295067,7
80101401,17
60033312,17
81150305,30
70266992,14
70084791,16
80992228,8
80244679,7
80081372,7
81078456,16
81075461,41
80017261,73
81071891,13
70295169,14
81043190,48
81034575,73
70125931,13
80043834,16
80992769,11
80195378,59
81038598,3
80036165,7
80025390,7
80164032,25
80214792,4
81168338,3
60002273,10
347365,16
60003242,10
70023961,10
70065112,4
81168347,74
70095135,16
81168340,71
60003540,7
70170051,3
60001761,7
60034571,75
80200087,3
70270775,13
80244682,12
80166318,4
80216172,3
70118953,27
80149143,7
81174992,4
81060174,16
81145628,2
60000861,4
81137484,7
80187228,4
70099119,3
70039185,7
60031232,17
81137482,9
70136074,7
70112730,16
80226089,16
80148535,7
81147910,20
70285728,10
81151880,24
81151877,24
81151878,24
60021787,18
81091957,7
80195357,8
80115328,7
80183878,15
81143771,8
80164216,1
80211623,7
80124099,7
70119812,16
70266677,4
70301367,17
80014727,1
70039168,10
81039161,8
80240537,7
80198632,11
81028404,15
80198508,30
80155932,7
80130521,10
70108777,7
70259259,10
80057611,4
70118801,25
70025372,13
70123160,13
80100105,7
81024041,13
80221677,7
80234791,18
80221446,16
70189282,3
81039323,3
80099089,25
80036416,4
70101345,16
70098899,17
70112731,37
70021661,59
70084795,13
60027701,10
70021654,59
81077862,14
80134440,7
81121055,7
80105452,16
80195901,13
81018067,7
80100172,7
81105525,7
81034980,7
81079046,30
80220816,76
81025973,14
81029736,73
80996787,3
80996790,13
70117293,16
70038131,3
70060018,6
81034775,7
70011219,7
80160033,23
70202150,7
80080768,7
81077851,14
80154610,7
70117577,10
81110389,36
81065331,7
81098013,25
81039410,19
70242536,13
70287630,10
70142542,4
80107369,12
80215139,30
70172928,2
80198459,9
80225312,31
70270364,59
70056441,7
419733,16
80046347,7
80096782,7
70260989,57
80991404,16
81014345,16
80112518,3
80196883,7
81080942,3
70040077,3
81041391,31
81019144,15
80198988,7
80162994,48
70295170,77
80049832,16
81083880,7
80096545,7
70130142,13
70058016,10
80233085,13
81088283,7
70063591,7
81052280,37
70110558,10
80103336,13
80231373,8
70061480,4
81044496,7
80188579,21
70129463,7
80099753,4
70175439,3
81013990,16
80171678,30
81004374,31
70020728,13
81024308,20
80156538,7
70176655,4
70113532,4
81077597,8
81004270,7
80105067,61
70283202,16
70140447,8
81059944,78
80987464,30
60002907,25
81045720,3
80200047,79
81055395,19
70100412,3
80167647,3
80123777,14
80109296,3
70278931,3
80013712,16
80013271,7
80159877,3
81002145,12
81010962,25
80145143,3
60022998,7
60003378,3
70132722,17
70252973,15
81048910,13
70101697,7
80106984,10
80104316,13
70180088,7
80188596,25
70307659,2
80097389,43
81024718,36
81047898,15
80239629,30
80180171,7
80152118,16
81023638,14
80223052,10
70109891,16
80207371,7
80028965,12
70065107,50
80158104,7
80197526,16
80153272,22
70288470,16
70202600,6
80150242,4
81045052,80
80998427,43
80244855,81
70045863,16
70045866,7
60022056,16
80016588,7
70117299,3
70101375,7
70307648,9
80022613,7
80185375,19
80097519,31
80013773,4
80098103,11
80052828,16
70296346,12
80171023,7
80107989,16
80999643,30
80109551,7
80039602,4
80013474,10
70184051,16
80000644,8
80240715,7
80222301,7
80105699,7
81001121,7
70253594,7
80993105,7
80988989,10
80058480,16
70216819,25
81002685,33
70285697,13
80017265,13
80106306,13
80135353,25
80205593,7
80230507,4
81041515,4
80028732,3
81004245,27
80115341,4
80991809,31
80227995,43
80239961,77
80160504,12
81037898,7
80997085,7
81004099,30
80075824,78
70234440,4
80208213,3
70286533,4
80194289,3
80190859,7
80147923,7
80236993,38
81016857,30
80085566,52
70084775,2
80097390,7
70060017,16
70266675,13
80199806,3
80224362,30
80067754,32
70082255,13
80990221,11
80202352,7
80235268,63
80241061,16
80185048,59
81035748,7
80226951,19
80232279,4
80144152,13
81035749,16
80148162,7
80020935,50
80158148,7
80239565,3
80240972,26
80147323,3
80210932,55
80240840,7
81004460,4
80191963,2
80218973,42
80236778,7
80236357,71
80215922,43
81018565,4
81012427,7
81025908,7
70039175,16
70150437,17
70212504,16
70233894,7
80113201,7
80211380,7
80115346,4
70259208,7
80037280,4
70117312,16
80188120,7
80166239,3
80203094,74
80988892,4
80159586,16
80159880,4
80052612,3
80198585,7
81005312,30
81014988,10
80185065,59
80095299,9
80156006,9
70298926,10
80224167,7
80243728,10
80201039,17
80173606,12
80039662,13
80209061,7
80176707,2
81005454,52
80223371,3
80245357,14
80234491,8
1171655,7
80039485,13
70043379,25
80232892,3
70124268,7
80992365,30
80170862,7
80025495,16
70278930,13
80022605,12
80029901,45
81006594,9
80204616,7
80017021,7
80017280,7
80195962,7
80202146,7
80073823,4
80027378,16
70266679,7
70293661,14
70257413,33
70295189,7
70257860,3
80998908,7
81005401,14
80993650,3
70293812,16
80081277,3
80245121,73
80244472,17
80190463,7
70205125,20
80097225,7
80238434,12
80994807,3
80238351,14
80128245,4
80991026,34
70135893,7
80190515,43
80048218,37
60033300,7
80196584,7
80075820,12
80161216,37
80025273,7
80233511,18
70253596,3
80143556,7
80189866,8
80195964,7
80244782,27
80023612,8
80209866,25
70252898,7
80232894,7
80103425,14
80101826,3
80233493,6
80987906,4
80217848,82
80184682,45
80238655,17
80216834,7
80215782,13
70217161,4
80180225,3
80189853,13
70142918,4
70124562,4
80208951,13
80222823,22
80226962,7
80161104,14
80175352,6
80227115,2
80227117,24
80194610,16
80202808,9
80041337,2
80049281,16
70099610,18
80156408,4
80148210,14
80222896,83
80144454,30
70204282,22
70136114,7
80204923,7
80092654,43
80219917,7
80185171,7
70260374,38
80190180,7
80174617,10
80188099,7
80188777,7
80202728,84
80214579,1
80170119,31
80119233,10
70251896,2
80108610,33
80217121,4
80222025,26
70120167,16
80168084,85
80217312,4
80178280,16
70252885,4
80195654,16
80170992,10
80222248,12
80190283,7
80003479,25
80084164,45
70114021,16
80158543,2
80222177,37
80168300,7
80108149,7
80109128,7
80187188,2
70136129,4
70175670,16
80200744,4
80084756,2
80197427,30
80192627,3
80020971,18
80221637,3
70297799,10
80131236,30
80221778,4
80184972,7
80208212,7
80165247,7
80107030,7
80190279,10
80145625,25
70264416,4
80018252,86
80106230,13
80107019,3
80191835,2
80156938,69
70063484,7
80164930,7
80208746,3
70170181,7
80173001,12
80171247,10
80201828,27
80196221,1
70236586,2
80191513,47
80196379,30
80208104,4
80209608,7
80080145,7
80032364,2
80032097,4
70271601,7
80142617,14
80190841,37
80115858,2
80158547,41
80211540,2
80148070,76
80155812,3
80170301,2
80062096,4
70197459,4
80095193,4
80107077,45
80191075,4
80147971,18
70257412,9
80150246,50
80017272,3
80116741,3
80171004,16
80063290,30
80187223,16
80106036,10
80163353,4
80126507,16
80060037,77
80131479,8
80103311,19
80067522,7
80192014,12
80168230,33
70304989,7
70304990,16
70299204,30
80057969,30
80046728,30
70270745,50
80046727,46
80152447,3
80184974,3
80061314,72
80025172,22
80157134,69
80141891,14
80183897,25
80121855,18
80168028,46
80200913,7
80163159,14
80132127,7
80134952,4
80079255,10
80146805,3
80182274,87
70209163,4
80184661,19
80175483,16
80105356,7
80168033,7
80138681,13
80142222,25
80156927,25
80155475,3
80173176,10
70248183,7
80167646,3
80147988,7
80115874,56
80171125,3
80164164,7
80167699,42
80184770,14
70153390,4
80095411,16
80091936,7
80108952,19
80168227,7
80167644,55
80027041,7
80000139,8
80094358,4
80007778,7
80104706,43
60001104,7
80114989,25
80103734,7
80042309,3
80117455,13
80106038,43
70057994,16
80186862,7
80148223,26
80117765,6
80097814,7
70202589,7
80047031,12
80157564,88
80120740,10
80161029,4
80082660,3
80047032,7
80115133,3
70129415,8
80156763,30
80156857,30
80169548,17
80173605,27
80142316,17
80164212,7
80117684,7
80012520,16
80176265,15
80156683,30
80171982,12
80156856,30
80118918,30
80105690,19
80036657,7
80172938,2
80131414,28
80125512,7
80142103,7
70157434,7
80119189,16
80022276,16
80044566,3
80135149,31
80100945,3
70293820,3
80135296,89
60029366,8
80092884,3
80081274,10
80141173,14
80107370,7
80013550,16
70175127,90
80103424,18
80061160,17
80103313,14
80046599,38
80152627,18
80157565,14
80013293,10
80103818,7
80119555,7
70302836,30
80168052,2
80167667,7
80038446,2
80005332,7
80060060,3
80154179,1
80112415,7
70306702,7
70098902,7
80118718,14
80119140,16
80141338,59
70180293,16
80113667,3
80098203,91
80081960,83
80096786,76
70301484,33
70060010,17
80011026,30
70302614,10
80097375,50
80144141,64
80120301,92
80145086,2
80163222,1
60030245,17
80098810,10
80093812,4
80091880,8
80149141,93
80098200,65
80109535,10
80044536,30
80115102,7
80135563,94
80154176,7
80097475,7
80115031,83
70243692,17
80094648,7
80066073,10
80123741,30
80089199,33
80080727,3
80041653,6
80097248,28
80098709,7
80107372,4
70205018,8
80081155,7
80119815,91
70295760,16
80092885,7
80114155,57
80102579,7
70275600,30
80045811,3
80106928,38
80106989,16
80097355,16
80085300,70
80076698,25
70210883,16
80100106,1
70212980,4
80059440,3
80048940,16
80052683,95
80061161,10
80098475,3
80058460,4
80095233,76
80039717,7
80016401,32
70261978,7
70279637,7
80049171,7
80048250,7
70118799,13
70137753,13
70184127,3
80036832,16
70213235,8
70184128,8
70221672,7
70213084,3
70213082,3
70213081,3
70213079,45
70213078,45
70213076,45
70213074,3
70213073,31
70213072,3
70287605,7
70271592,18
80046144,30
80046145,3
80075009,3
70245168,16
80031666,60
70177067,7
80017275,16
80018296,30
80025553,17
80027772,17
70155579,4
70225722,7
80045629,16
80007215,16
80012535,4
80020772,7
70221438,7
70264612,7
80009431,74
70308278,96
70177084,65
70268449,29
70157231,16
70259177,50
70213466,12
70154110,12
81082007,30
70205672,22
60020826,7
60023606,4
70121502,16
70087538,7
81132624,30
70293315,38
81034946,12
80057250,4
70113005,45
70135899,12
81215438,8
449931,16
60021796,18
60031247,4
81150305,3
70084791,3
81078456,10
70295169,10
81043190,7
81034575,3
80992769,7
81168338,11
60002273,4
70095135,17
70170051,7
60034571,16
80200087,18
80216172,10
70118953,14
80149143,16
81174992,1
81145628,1
80187228,7
70039185,4
81137482,3
70285728,11
80183878,25
80164216,8
70119812,17
70039168,17
81039161,3
81024041,3
81039323,27
80099089,7
70101345,7
70021661,16
60027701,4
80105452,7
80195901,7
81105525,43
81025973,12
81029736,4
80996787,18
80996790,8
70038131,16
70287630,3
70142542,16
80107369,14
80215139,43
70260989,33
80112518,30
81041391,15
80162994,23
70130142,15
81088283,3
70110558,16
70129463,2
81013990,2
80156538,59
70113532,3
70283202,17
81059944,7
60002907,7
80123777,18
80013271,28
80159877,10
60022998,3
70252973,4
80106984,59
70307659,37
80152118,3
70109891,7
80028965,7
70202600,71
80998427,30
80244855,18
70045866,12
70307648,10
80185375,14
80052828,37
70296346,22
80107989,7
80039602,7
80013474,3
80000644,7
80058480,91
81002685,31
80106306,7
80028732,4
81004245,3
80239961,25
81037898,16
80208213,28
80085566,7
70060017,17
70266675,7
80224362,13
80990221,58
81035748,77
80232279,7
81035749,77
80020935,16
80240972,16
80210932,7
81004460,18
80191963,7
70039175,10
80115346,7
80037280,7
70117312,4
80166239,1
80988892,7
80159586,7
81014988,48
80095299,1
80156006,1
70298926,30
80223371,7
80025495,3
70278930,25
80022605,10
81006594,2
80195962,16
80073823,16
80027378,4
70293661,3
70257413,4
80993650,10
70293812,7
80081277,73
80245121,7
80190463,17
80128245,50
70135893,17
80190515,26
70253596,7
80189866,7
80195964,4
80244782,97
80023612,4
70252898,3
80232894,19
80217848,29
80238655,6
80180225,11
80189853,4
80208951,7
80175352,17
80202808,3
80049281,14
70099610,3
80156408,7
80148210,7
80144454,10
80174617,43
80202728,98
80214579,70
80170119,6
80108610,3
80217121,73
80222025,18
70120167,3
80168084,6
70252885,30
80170992,31
70114021,3
80109128,44
80187188,13
70136129,7
80084756,54
80192627,18
70297799,30
80221778,3
80190279,6
80106230,7
80191835,43
80171247,3
80196221,13
80196379,27
80211540,23
80148070,31
80155812,10
80170301,80
80062096,30
80107077,7
80150246,7
80017272,4
80171004,7
80163353,8
70304989,14
70304990,33
70299204,16
80025172,12
80121855,26
80168028,14
80200913,18
80146805,30
80182274,8
80138681,4
80155475,30
70248183,25
80115874,10
80108952,3
80000139,4
80094358,8
80104706,10
80042309,4
80106038,57
70057994,2
80148223,28
80047031,7
80082660,46
80169548,99
80142316,13
80117684,10
80022276,17
80135149,7
60029366,7
80013550,6
80152627,19
80157565,19
80013293,27
80167667,16
80038446,17
80154179,7
80118718,30
80119140,18
70180293,7
80098203,9
80096786,83
70301484,43
70302614,18
80097375,31
80145086,7
80163222,8
80098810,3
80091880,31
80097475,16
70243692,4
80066073,4
80089199,6
80098709,3
80119815,16
70295760,7
80114155,7
70275600,14
80106928,34
80085300,58
80100106,13
80048940,7
80061161,2
80016401,21
70261978,14
70279637,14
80049171,14
80048250,14
70184127,8
80036832,31
70213084,8
70213082,8
70213081,8
70213078,8
70213074,8
70213073,8
70213072,8
70287605,4
80046145,50
80031666,7
80017275,3
70225722,91
80007215,7
70308278,100
70177084,50
70268449,7
70154110,3
70205672,12
60023606,7
70293315,34
70113005,4
449931,101
60031247,14
80200087,30
80216172,14
70118953,7
81145628,13
81137482,63
70285728,73
81024041,7
80996790,7
70038131,8
80107369,75
70260989,10
70129463,16
70113532,7
60002907,13
60022998,10
70252973,7
80106984,30
70202600,17
80244855,10
80052828,4
80013474,7
80058480,3
81002685,43
81004245,10
80224362,7
80232279,102
80240972,4
70117312,8
80166239,32
80095299,12
80156006,12
70298926,16
80022605,6
81006594,103
80073823,7
70257413,56
80081277,16
80190515,7
70253596,43
80244782,11
80217848,40
80238655,16
80180225,7
80189853,32
80175352,7
80202808,11
80049281,1
70099610,7
80148210,10
80144454,76
80202728,6
80170119,21
80108610,10
80217121,7
80222025,6
80168084,95
70252885,16
80170992,3
80187188,7
70136129,16
80192627,77
70297799,16
80196379,7
80211540,7
80155812,11
80017272,40
70304989,4
70304990,43
70299204,7
80121855,34
80168028,3
80182274,76
80155475,7
70248183,15
80115874,59
80108952,14
80094358,104
80104706,31
80042309,30
80106038,105
80169548,16
80135149,22
80013550,43
80157565,10
80119140,7
80096786,52
70302614,4
80097375,10
70243692,7
80085300,106
80061161,7
80016401,57
70261978,10
70279637,10
80049171,10
80048250,10
70213073,3
80017275,50
70225722,18
80007215,45
70177084,4
80200087,31
70118953,37
81137482,43
70285728,30
70260989,43
70202600,7
80244855,3
80058480,31
80095299,8
80156006,8
70298926,3
81006594,13
80081277,7
80217848,107
80189853,15
80202808,10
80202728,7
80168084,7
80192627,7
70297799,3
80196379,13
80211540,37
80017272,83
80121855,7
80182274,12
80115874,83
80108952,7
80042309,7
80106038,10
80135149,48
80013550,30
80097375,108
80016401,16
70261978,91
70279637,91
80049171,91
80048250,91
70225722,10
80007215,18
70285728,3
80095299,10
80156006,10
70298926,43
80189853,7
80202808,33
80196379,16
80182274,109
80135149,10
80016401,26
70261978,4
70279637,4
80049171,4
80048250,4
80007215,3
70285728,7
80182274,45
80016401,3
80182274,39
80016401,7
80182274,6
80016401,10
80182274,43
80016401,31
80182274,7
80182274,46
